ID,SMILES,Tb.brucei
4412,CC(C1C=CC=CC=1)=NNC(=S)N,3.67391003573644
209,CC1C(OC2N=C(NC3C=CC(C#N)=CC=3)N=C(Cl)N=2)=C(C)C=C(C=O)C=1,5.2839966563652
4411,CC(C1C(Cl)=CC=CC=1)=NNC(=S)N,3.70034019113298
4257,CCOC(C1SC(SC(C)C)=C(C#N)C=1C1C=C(OC)C(OC)=CC=1)=O,5.01772876696043
18,C1C=CC(CC2CCN(C(COC3C4CCN(CC5C=CC=CC=5F)C(=O)C=4C=CC=3)=O)CC2)=CC=1,6.01266946212491
4273,CNC1N=C(OC2C(C)=CC(C)=CC=2C)N=C(NC2C=CC(F)=CC=2)N=1,4.96257350205938
266,OC(C1C(Br)=C2C(C=CC(=C2)Br)=NC=1C(F)(F)F)C1C=CC=CC=1,5.12378215940836
119,COC1C(OCCCCOC2C=CC(C3N=NNN=3)=CC=2)=CC(C2C(C)(C)C(=O)N(C3CCCCCC3)N=2)=CC=1,6.2839966563652
4305,CC(OC1C2C3N(CC4C2=CC2OCOC=2C=4)CCC3=CC1O)=O,4.79998716477527
238,COC1C=CC(OCC2C=CC(C(N3CC(C)CCC3)=O)=CC=2)=CC=1,5.33724216831843
173,CNC1N=C(NC)N=C(NCCCNCCCCCCCCCCCCNCCCN)N=1,4.69897000433602
4336,CN1CCN(CC(NC2C(C(C3C=CC=CC=3)=O)=CC(NC(=O)C)=CC=2)=O)CC1,4.6399749108106
3933,CCCCN1C2C(=C(C(=C(N3CCOCC3)C=2)F)F)C(=O)C(C(NCC2C=CC=CC=2)=O)=C1,7.52287874528034
4108,COC1C(OCCCCOC2C=CC(C#N)=CC=2)=CC(C2C(C)(C)C(=O)N(C3CCCCCC3)N=2)=CC=1,5.63827216398241
123,CC1C(NC2N=C(NC3C=CC(C#N)=CC=3)N=C(NCCCNC3N=C(NC4C(C)=CC=CC=4C)N=C(NC4C=CC(C#N)=CC=4)N=3)N=2)=C(C)C=CC=1,7.0
4131,CN1CCN(C(C2C=CC=CC=2)C(NC2C(C(C3C=CC=CC=3)=O)=CC(NS(C3C=CC=CC=3)(=O)=O)=CC=2)=O)CC1,5.53461714855158
4217,CC1C=C(C)C(OC2N=C(NC3C=CC(C(F)(F)F)=CC=3)N=C(N)N=2)=C(C)C=1,5.16115090926274
214,CC1C(OC2N=C(NC3C=CC(C#N)=CC=3)N=C(Cl)N=2)=C(C)C=C(Cl)C=1,5.58335949266172
3951,CCCC(OC1CC2C3(C=CC4C(=O)OC(C5C=COC=5)C=4C=2C)C(C(OC3)=O)C1)=O,6.88746384842369
4415,COC1C=CC(C=NNC(=S)N)=CC=1,3.58703572800334
4268,CN(CC=CCN)CCOCN1C2C(=C(N=C(N=2)N)N)N=C1,5.0
264,CCCCC(OC1(C2C(N3C=NC=C3)=NC3C(C=2C2C1=CC=CC=2)=CC(Br)=CC=3)C)=O,5.09097914578884
3927,C(CCCNC1C2C=CCCC=2N=C2C=1C=CC=C2)CCCNC1C2C(=CC=CC=2)N=C2C=1C=CCC2,8.0
28,N(C1SC2C(=C(C=CC=2)OC)N=1)C1OC(C2SC=CC=2)=NN=1,5.97995079515053
302,NC1N=C(N)N=C(NCCCNCCCCNCCCNC2N=C(N)N=C(N)N=2)N=1,4.0
3961,CCCCCCOC(OCCC1C=C(O)C(O)=CC=1)=O,6.69897000433602
4210,CCOC(C1SC(NCC2N(CC3C=CC(C#N)=CC=3)C=NC=2)=C(C#N)C=1C1C=CC(Cl)=CC=1)=O,5.19382002601611
113,CN(C1C(C)=CC(C)=CC=1C)C1N=C(NC2C=CC(C#N)=CC=2)N=C(NCCNC2N=C(N(C3C(C)=CC(C)=CC=3C)C)N=C(NC3C=CC(C#N)=CC=3)N=2)N=1,6.88605664769316
4061,CC1C=CC(OC2N=C(NC3C=CC=CC=3)N=C(N)N=2)=CC=1,5.95860731484177
4225,CCOC(C1SC(SC(C)C)=C(C#N)C=1C1C=C(C#N)C=CC=1)=O,5.13076828026902
4308,CCOC(C1SC(SC(C)C)=C(C#N)C=1NC1C=CC=CC=1)=O,4.78251605578609
221,CC1C(OC2N=C(NC3C=CC(C#N)=CC=3)N=C(N)N=2)=C(C)C=C(C=O)C=1,5.69250396208679
4376,CC1(CC2C(C(=O)O)(CCC3(C4(C)C(C5(C(CC4)C(C)(C)C(O)CC5)C)CC=C32)C)CC1)C,4.36552272983927
4100,CC1C2C(C3C=COC=3)OC(=O)C=2C=CC23C(=CC(O)CC=12)C(=O)OC3,5.68962945357131
4066,CC1CCN(C(C2SC3N(C=C(C4C=CC(F)=CC=4)N=3)C=2C)=O)CC1,5.92790285044046
247,CCOC1C=CC(NCC2C=CC(C(N(C(C)C)C(C)C)=O)=CC=2)=CC=1,5.45469288353418
4132,CC(=CCCC1(C2(C(=O)C(C(=C(C2=O)C(C2C=C(O)C(O)=CC=2)=O)O)(CC=C(C)C)CC1CC=C(C)C)CC=C(C)C)C)C,5.53017798402184
4233,COC(C(N(C(C1SC(SC(C)C)=C(C#N)C=1C1C=CC(Cl)=CC=1)=O)C)CCSC)=O,5.09151498112135
4237,CC1C=C(C)C(OC2N=C(N3CCCCC3)N=C(NC3C=CC(F)=CC=3)N=2)=C(C)C=1,5.08618614761628
137,CC1C=C(Br)C(NC2N=C(NC3C=CC(C#N)=CC=3)N=C(NCCCNC3N=C(NC4C(Br)=CC(C)=CC=4)N=C(NC4C=CC(C#N)=CC=4)N=3)N=2)=CC=1,6.85387196432176
87,N(C1SC=C(C2C=CC=CN=2)N=1)C(CSC1C=CC(OC)=CC=1)=O,6.01289797623798
4142,CN1CCN(C(C2C=CC=CC=2)C(NC2C(C(C3C=CC=CC=3)=O)=CC(NC(CC3C=CC=CC=3)=O)=CC=2)=O)CC1,5.48811663902113
4133,CC(=CCCC1(C2(C(=O)C(C(=C(C2=O)C(C2C=C(OC(=O)C)C(OC(=O)C)=CC=2)=O)O)(CC=C(C)C)CC1CC=C(C)C)CC=C(C)C)C)C,5.53017798402184
4255,OCCOC(OCCC1C=C(OCC2C=CC=CC=2)C(OCC2C=CC=CC=2)=CC=1)=O,5.0268721464003
4049,COC12C(COC(=O)N)C3C(C(=C(C(=O)C=3N1CC1C2N1)C)N)=O,6.0
4140,CCCN1C2C(=CC(=C(N3CCC(C(=O)N)CC3)C=2)F)C(=O)C(C(NCC2C=CC(OC)=CC=2)=O)=C1,5.50584540598156
4403,CC1C(O)=C2C(OC(C3C=CC=CC=3)CC2=O)=C(C)C=1O,3.99289429258793
4352,OCC1N(CC2C=C(N3C=CC=C3)C=CC=2)CC(O)C1O,4.53760200210104
4144,CC(C1C(O)=C(C(C)(C)C)C=C(C=CC(C2C(=O)NC3C(=CC=CC=3)C=2O)=O)C=1)(C)C,5.48148606012211
225,CC(NC1N=C(NC2C=CC(C#N)=CC=2)N=C(NC2C(Br)=CC(C)=CC=2Br)N=1)C,5.81247927916354
96,CC1C=C(C)C(OC2N=C(NC3C=C(C#N)C=CC=3)N=C(NCCNC3N=C(OC4C(C)=CC(C)=CC=4C)N=C(NC4C=C(C#N)C=CC=4)N=3)N=2)=C(C)C=1,8.69897000433602
138,CC1C=C(Br)C(NC2N=C(NC3C=CC(C#N)=CC=3)N=C(NCCNC3N=C(NC4C(Br)=CC(C)=CC=4)N=C(NC4C=CC(C#N)=CC=4)N=3)N=2)=CC=1,7.06048074738138
4168,OC1C(O)=CC(CCOC(OCCCCOC(OCCC2C=C(O)C(O)=CC=2)=O)=O)=CC=1,5.39794000867204
4236,COC1C=CC(CCOC2C(OC)=CC=C(C3C(C)(C)C(=O)N(C4CCCCCC4)N=3)C=2)=CC=1,5.09151498112135
115,CC1C=C(C)C(OC2N=C(NC3C=CC=CC=3)N=C(NCCNC3N=C(OC4C(C)=CC(C)=CC=4C)N=C(NC4C=CC(C#N)=CC=4)N=3)N=2)=C(C)C=1,8.0
77,N(C1C=CC(F)=C(Cl)C=1)C1N=C(N2CCOCC2)N=C(NC2C=C(C(C)=O)C=CC=2)N=1,5.83807509551642
4325,CC(OC1CC2C3(C=CC4C(=O)OC(C5C=COC=5)C=4C=2C)C(C(OC3)=O)C1)=O,4.70995415189491
273,CC(OC1(C2C(N3C=NC=C3)=NC3C(C=2C2C1=CC=CC=2)=CC(Br)=CC=3)C)=O,4.53790161886484
239,COC1N=C(NC2C(Br)=CC(C)=CC=2Br)N=C(NC2C=CC(C#N)=CC=2)N=1,5.38090666937326
2,N(CCCCCCNC1C2C(=CC=CC=2)N=C2CCCCC=12)C1C2C(=CC=CC=2)N=C2CCCCC=12,6.48148606012211
110,NC(C1C=NC(C2OC(C3C(O)=CC(C(=N)N)=CC=3)=CC=2)=CC=1)=N,7.49485002168009
86,C1C=CC(C2N=NC(SCC)=C3C=2SC(C)=N3)=CC=1,6.29414901890196
128,CC1C(OC2N=C(NC3C=CC(C#N)=CC=3)N=C(NCCCNC3N=C(OC4C(C)=CC(Cl)=CC=4C)N=C(NC4C=CC(C#N)=CC=4)N=3)N=2)=C(C)C=C(Cl)C=1,6.88605664769316
83,N(C1SC2CN(CCC=2C=1C(CC)=O)CC)C(C1C=CC(C)=CC=1)=O,6.04554231943874
4197,COC1C(OC)=CC(C=CC(C2C(=O)N(CC3C=CC=CC=3)C3C(=CC=CC=3)C=2O)=O)=CC=1,5.24565166428898
3999,CCCCN1C2C(=CC(=C(N3CCOCC3)C=2)F)C(=O)C(C(NCC2C(F)=CC=CC=2)=O)=C1,6.33724216831843
3930,CCCCN1C2C(=C(C=C(N3CCOCC3)C=2)F)C(=O)C(C(NCC2C=CC(F)=CC=2)=O)=C1,7.69897000433602
206,CC1C=C(Br)C(NC2N=C(NC3C=CC(C#N)=CC=3)N=C(NCCCCCNC3N=C(NC4C(Br)=CC(C)=CC=4Br)N=C(NC4C=CC(C#N)=CC=4)N=3)N=2)=C(Br)C=1,5.66958622665081
4057,CCCCN1C2C(=CC(=C(N3CCCCC3)C=2)F)C(=O)C(C(NCC2C=CC=CC=2)=O)=C1,5.98296666070122
4059,CCCCCCCCCCCCOC(OCCC1C=C(O)C(O)=CC=1)=O,5.95860731484177
4288,CCC(OC1CC2C3(C=CC4C(=O)OC(C5C=COC=5)C=4C=2C)C(C(OC3)=O)C1)=O,4.88650130700994
38,N(CC1C=C2C(N(C)C(C)=C2)=CC=1)C(C1C=CC=CC=1OCC)=O,6.2962208991927
76,C=CCN(S(C1C=CC(C(NC2OC(C3C=CC(C)=CC=3C)=NN=2)=O)=CC=1)(=O)=O)CC=C,5.6609000279293
222,COC1C2C(C3C(C=2C2C(=CC=C(C=2)Br)N=1)=CC=CC=3)(OCC(CN1CCN(CC2C=CC=CC=2)CC1)O)C,5.64975198166584
4289,CCOC(C1SC(SC(C)C)=C(C#N)C=1C1C=CC(C#N)=CC=1)=O,4.88605664769316
4398,OC1C=C2C(C(CC(C3C=C(O)C(O)=CC=3)O2)=O)=C(O)C=1,4.0618293072947
212,COC1C2C(C3C(C=2C2C(=CC=C(C=2)Br)N=1)=CC=CC=3)(OCC(CN1CCN(C(C2C=CC=CC=2)C2C=CC=CC=2)CC1)O)C,5.6903698325741
4035,C(CCCCNC1C2C(=CC=CC=2)N=C2C=1C=CCC2)CCCCCNC1C2C=CCCC=2N=C2C=1C=CC=C2,6.05551732784983
4017,CC(=CCCC(=CCCC(=CCOC(C=CC1C=C(O)C(O)=CC=1)=O)C)C)C,6.22319109762244
4379,OCC1N(CC2N=C3C(C=CC=C3O)=CC=2)CC(O)C1O,4.30980391997149
52,N(C1OC(C2C=CC=CC=2SC)=NN=1)C(C1SC(Cl)=CC=1)=O,5.61387144733956
288,COC1N=C(NC2C(Br)=CC(C)=CC=2C)N=C(NC2C=CC(C#N)=CC=2)N=1,4.93554201077308
146,BrC1C=C2C(N=C(C3C(=O)C4C(=CC=CC=4)C=32)NC2C=CN=CC=2)=CC=1,6.2518119729938
4265,CCCC1C=CC(OCC2C=CC(C(N3C(C)CCCC3)=O)=CC=2)=CC=1,5.0
4395,CC1(OC2C(=CC(C3C(=O)C4C(=CC(=CC=4O)O)OC=3)=CC=2O)CC1)C,4.11350927482752
163,CCOC1C=CC(OCC2C=CC(C(N(C(C)C)C(C)C)=O)=CC=2)=CC=1,5.7619538968712
4274,COC(C(NC(C1SC(SC(C)C)=C(C#N)C=1C1C=CC(Cl)=CC=1)=S)CCSC)=O,4.95860731484177
3980,CCCCCCCCCCCCCCCCNC(C1C(=O)C2C(=CC=CC=2)C(=O)C=1O)C1N=CC=CC=1,6.51855737149769
3931,CN(CCCN1C(=O)C2C=CC3=C4C=2C(=CC(=C4C(N(C3=O)CCCN(C)C)=O)NCC2N=NN(C3C(O)C(O)C(O)C(CO)O3)C=2)C1=O)C,7.61978875828839
207,CSCCC(C(ON=C1C2C(N3CCN(C4N=CC=CC=4)CC3)=NC3C(C=2C2C1=CC=CC=2)=CC(Br)=CC=3)=O)NC(OC(C)(C)C)=O,5.61978875828839
161,CNC1N=C(NC2C(Br)=CC(C)=CC=2Br)N=C(NC2C=CC(C#N)=CC=2)N=1,6.22914798835786
64,N(CCC1C2C(=CC=CC=2)NC=1)C(CCC1N2C(=NC(C3C=CC(OC)=CC=3)=C2)SC=1)=O,6.06586702086561
293,CNC1N=C(N)N=C(NCCCNCCCCCCCCCNCCCNC2N=C(N)N=C(NC)N=2)N=1,4.27572413039921
61,N(C1SC2CSC3C=CC=CC=3C=2N=1)C(C1COC2C=CC=CC=2O1)=O,6.01793131158939
258,CCCC(ON=C1C2C(N3C=NC=C3)=NC3C(C=2C2C1=CC=CC=2)=CC(Br)=CC=3)=O,5.08777794346758
3932,CCC1(CN2CCC3C4C(=CC=CC=4)NC=3C(C3C(OC)=CC4N(C5C(C(OC)=O)(O)C(OC(=O)C)C6(CC)C7N(CC=C6)CCC57C=4C=3)C=O)(C(OC)=O)CC(C2)C1)O,7.52287874528034
4417,COC1C(O)=CC=C(C=NNC(=S)N)C=1,3.53382958884212
20,N(C1OC(C2C=CC=CC=2)=NN=1)C(C1C=CC(S(N(C2CCCCC2)CC)(=O)=O)=CC=1)=O,5.93494773956709
4391,CCC(NC1C=C(C(C2C=CC=CC=2)=O)C(NC(CN2CCN(C)CC2)=O)=CC=1)=O,4.14575470293388
4335,CC1C2C(C3C=COC=3)OC(=O)C=2C=CC23C(CC(OC(NC4C=CC=CC=4)=O)CC=12)C(=O)OC3,4.65204917930625
4230,NCCOC1C=C(C(NC2N=C3C(C=CC=C3)=C(OCCN)C=2)=O)N=C(C(NC2N=C3C(C=CC=C3)=C(OCCN)C=2)=O)C=1,5.10679324694015
4389,COC1C(=C2C=CC3C(=CC=CC=3)O2)C(=O)C(C)(C)C(=O)C=1C,4.15739799857048
148,CC1C=C(C)C(NC2N=C(NC3C=CC(C#N)=CC=3)N=C(NCCCCNC3N=C(NC4C(C)=CC(C)=CC=4C)N=C(NC4C=CC(C#N)=CC=4)N=3)N=2)=C(C)C=1,5.91721462968355
3971,C(CCCNC1C2C(=CC=CC=2)N=C2C=1C=CCC2)CCCCNC1C2C=CCCC=2N=C2C=1C=CC=C2,6.60205999132796
135,CNC1N=C(CN(CC2N=C(NC)N=C(NC)N=2)CCCNCCCCCCCCCCCCNCCCN(CC2N=C(NC)N=C(NC)N=2)CC2N=C(NC)N=C(NC)N=2)N=C(NC)N=1,5.53760200210104
126,CC1C=C(C)C(NC2N=C(OC3C(C)=CC(C)=CC=3C)N=C(NCCCNC3N=C(OC4C(C)=CC(C)=CC=4C)N=C(NC4C=CC(C#N)=CC=4)N=3)N=2)=C(C)C=1,6.88605664769316
3,N(C1ON=C2CCCC=12)C(CC1C2C=CC=CC=2C=CC=1)=O,6.06276772145072
240,CC1C=C(Br)C(NC2N=C(NC3C=CC(C#N)=CC=3)N=C(Cl)N=2)=C(C)C=1,5.54363396687096
4164,COC1C(OC)=C2C(C3C=CC4C(=CC5OCOC=5C=4)C=3N(C2CC(=O)C)C)=CC=1,5.4089353929735
30,N(C1OC(CC2SC=CC=2)=NN=1)C(C1C=CC(C)=C(C)C=1)=O,5.91287250225201
4033,COC(C(NC(C1SC(N(C(OC(C)(C)C)=O)CC2N(CC3C=CC(C#N)=CC=3)C=NC=2)=C(C#N)C=1C1C=CC(Cl)=CC=1)=O)CCSC)=O,6.06550154875643
4040,ClC1SC(C(NC2SC=C(C3N=CC=CC=3)N=2)=O)=CC=1,6.01778162704062
56,N(CC1OC=CC=1)C(C1C=NC2N(C3C=CC(F)=CC=3)N=C(C)C=2C=1Cl)=O,6.11985221191736
4242,COC1C(OCC2C=C(C)ON=2)=CC(C2C(C)(C)C(=O)N(C3CCCCCC3)N=2)=CC=1,5.07572071393812
4342,CCC(NC1C=C(C(C2C=CC=CC=2)=O)C(NC(C(C2C=CC=CC=2)N2CCN(C)CC2)=O)=CC=1)=O,4.6087119514047
74,N(C1SC(SCC(NC2C=CC3OCOC=3C=2)=O)=NN=1)C(C1C(C2C=CC=CC=2Cl)=NOC=1C)=O,6.04050041386266
4170,OCCCCCCOC(OCCC1C=C(OCC2C=CC=CC=2)C(OCC2C=CC=CC=2)=CC=1)=O,5.38721614328026
4355,CCOC(C1SC(SC(C)C)=C(C#N)C=1C1C=C(O)C=CC=1)=O,4.52287874528034
213,CC(C(ON=C1C2C(N3CCN(C4N=CC=CC=4)CC3)=NC3C(C=2C2C1=CC=CC=2)=CC(Br)=CC=3)=O)NC(OC(C)(C)C)=O,5.6903698325741
158,CC1C=C(Br)C(NC2N=C(NC3C=CC(C#N)=CC=3)N=C(NCCCCCNC3N=C(NC4C(Br)=CC(C)=CC=4)N=C(NC4C=CC(C#N)=CC=4)N=3)N=2)=CC=1,6.29242982390206
188,CCOC1C=CC(OCC2C=CC(C(N3CC(C)CCC3)=O)=CC=2)=CC=1,5.93930215964639
4399,NC(C(=O)O)CCC(NC(C(NCC(=O)O)=O)CSC(C1C=CC(Br)=CC=1)=O)=O,4.05799194697769
4279,COC1C=CC(NC(CN2C(=O)C(N3C(C4C=CC(Cl)=CC=4)CC(C4C=C5C(C=CC=C5)=CC=4)=N3)SC2=O)=O)=CC=1,4.94846160948467
3945,CCC1(CN2CCC3C4C(=CC=CC=4)NC=3C(C3C(OC)=CC4N(C5C(C(OC)=O)(O)C(OC(=O)C)C6(CC)C7N(CC=C6)CCC57C=4C=3)C)(C(OC)=O)CC(C2)C1)O,7.0268721464003
4344,CCOC(C1SC(SC(C)C)=C(C#N)C=1OC1C=CC=CC=1)=O,4.60205999132796
118,N=C(C1C=CC(C2OC(C3C=CC(C(NC4CCCC4)=N)=CC=3)=CC=2)=CC=1)NC1CCCC1,7.0
4223,CCCCOC(OCCC1C=C(O)C(O)=CC=1)=O,5.14266750356873
4115,CC1C(C=CC(C2C(=O)NC3C(=CC=CC=3)C=2O)=O)=CC=CC=1,5.58502665202918
4387,CC(OC1C=C2C(C(C(C3C(C(C=C)(C)C)=CC(OC(=O)C)=C(OC(=O)C)C=3)=CO2)=O)=C(OC(=O)C)C=1)=O,4.16877030613294
289,CC1N=C(C)C(NC2N=C(NC3C=CC(C#N)=CC=3)N=C(N)N=2)=CC=1,4.29627884007298
41,N(C1SC2C3N=C(C)SC=3C=CC=2N=1)C1SC2C=C(C(C)C)C=CC=2N=1,6.01285912779585
3926,CCCNC1C2=C3C(C(N(C2=O)CCCN(C)C)=O)=CC=C2C(N(C(=O)C(=C23)C=1)CCCN(C)C)=O,8.04575749056067
4296,CN(CC1C(CN)=CC=CC=1)CC1C(O)C(O)C(N2C3C(=C(N=CN=3)N)N=C2)O1,4.85387196432176
4300,CCC1C=CC(OCC2C=CC(C(N3CCOCC3)=O)=CC=2)=CC=1,4.82973828460504
3939,COC1C(OCCCCOC2C=CC(C3N=NNN=3)=CC=2)=CC(C2C3C(CC=CC3)C(=O)N(C3CCCCCC3)N=2)=CC=1,7.09691001300806
182,COC1C=C(CN2CCN(CC(COC3(C4C(N5CCN(C(C6C=CC=CC=6)C6C=CC=CC=6)CC5)=NC5C(C=4C4C3=CC=CC=4)=CC(Br)=CC=5)C)O)CC2)C=CC=1,5.69250396208679
248,CC1C=C(C)C(NC2N=C(NC3C(C)=CC(C)=CC=3C)N=CC=2)=C(C)C=1,5.14327110961712
4209,CCN1C2C(=CC=C(C(F)(F)F)C=2)C(=O)C(C(NCC2C=CC(OC)=CC=2)=O)=C1,5.19586056766465
4357,OCC1N(CCC2C3C(=CC=CC=3)NC=2)CC(O)C1O,4.50863830616573
4011,CCOC(C1SC(N(C(OC(C)(C)C)=O)CC2N(CC3C=CC(C#N)=CC=3)C=NC=2)=C(C#N)C=1C1C=CC(Cl)=CC=1)=O,6.2518119729938
7,N(C1C=CC=CC=1C(F)(F)F)C(NCC(C)N1CCC(C)CC1)=O,6.01269180549005
4339,COC1C(S(NC2C=C3C(N(C(CC3)=O)CCC(C)C)=CC=2)(=O)=O)=CC(Cl)=CC=1,4.63014172615585
57,N(C1OC(CC2SC=CC=2)=NN=1)C(C1C=C(Cl)SC=1Cl)=O,6.02257788342989
109,CC1C=C(C)C(NC2N=C(NCCNC3N=C(NC4C(C)=CC(C)=CC=4C)N=C(NC4C=CC(C#N)=CC=4)N=3)N=C(NC3C(C)=CC(C)=CC=3C)N=2)=C(C)C=1,7.39794000867204
4358,CC1C=C(C)C(OC2N=C(NC3C=CC(F)=CC=3)N=CN=2)=C(C)C=1,4.50723961097316
4054,COC1C=C(N2C(SCC(NC3C(C(F)(F)F)=CC=CC=3)=O)=NC=C2)C=CC=1,5.98472989347773
4166,CC(C1C=CC(Cl)=CC=1)=NNC(NC1C=CC=CC=1)=S,5.40120949323688
89,CN(CC1C(O)C(O)C(N2C3C(=C(N=CN=3)N)N=C2)O1)CC=CCN,7.0
45,N(C1SC2CSC3C=CC=CC=3C=2N=1)C(C1C=CC(S(N(CC2CCCO2)C)(=O)=O)=CC=1)=O,6.01288051260198
4151,CCCC1CC2C(=NC3C(C=2N)=CC=CC=3)CC1,5.45593195564972
4214,COC1C=C(C=CC(C2C(=O)NC3C(=CC=CC=3)C=2O)=O)C=CC=1,5.18708664335714
4234,O=C(OCCC1C=C(OCC2C=CC=CC=2)C(OCC2C=CC=CC=2)=CC=1)OCCCCCCOC(OCCC1C=C(OCC2C=CC=CC=2)C(OCC2C=CC=CC=2)=CC=1)=O,5.09151498112135
4204,CCCCCCCCCCCCCCCCOC(OCCC1C=C(O)C(O)=CC=1)=O,5.20760831050175
4317,CN(C1C=CC(C=CC=NNC(=S)N)=CC=1)C,4.75178143880992
4039,CN1C2C(=CC(C(N3CCCC3)CNC(COC3C(Cl)=CC(Cl)=CC=3)=O)=CC=2)CC1,6.01818746280979
139,CC1C=C(C)C(NC2N=C(NCCNC3N=C(NC4C(C)=CC(C)=CC=4C)N=C(NC4C(C)=CC(C)=CC=4C)N=3)N=C(NC3C(C)=CC(C)=CC=3C)N=2)=C(C)C=1,4.4789927475914
4283,CC(=CCC1C(O)=C(O)C=CC=1C1C(=O)C2C(=CC(=CC=2O)O)OC=1)C,4.91721462968355
55,N(C1SC(SCC(NC2C=CC(C(OC)=O)=CC=2)=O)=NN=1)C(C1C=C(Cl)C=CC=1OC)=O,6.05443108315167
4130,COCOC1C=C2C3(COC2=O)C(=C(C2C(C4C=COC=4)OC(=O)C=2C=C3)C)C1,5.53743580545963
80,N(C1SC=C(C(N2CCN(C3C=CC=CC=3F)CC2)=O)N=1)C(NC1C=CC(F)=CC=1)=O,5.98525062962737
3943,CCCCN1C2C(=CC(=C(N3CCOCC3)C=2)F)C(=O)C(C(NCC2C=CC(F)=CC=2)=O)=C1,7.04575749056067
17,N(C1SC2CSC3C=CC=CC=3C=2N=1)C(C1CCCN1S(C1SC=CC=1)(=O)=O)=O,6.01295901621881
4050,CC(OC1C(=O)C2(C)C(C3(OC(=O)C)C(CC2O)OC3)C(OC(C2C=CC=CC=2)=O)C2(C(C)(C)C1=C(C(OC(C(C(C1C=CC=CC=1)NC(C1C=CC=CC=1)=O)O)=O)C2)C)O)=O,6.0
189,CN(C1N=C(NC2C=CC(C#N)=CC=2)N=C(NC2C(Br)=CC(C)=CC=2Br)N=1)C,5.81247927916354
14,N(C1SC=CC=1C(NC)=O)C(CSC1C=CC(Cl)=CC=1)=O,4.8284255228211
4322,CCCCN1C2C(=CC(=C(N3CCCCC3)C=2)F)C(=O)C(C(=O)O)=C1,4.74232142513081
4029,CC1(CC2C(=C(C3C(N=2)=CC(Cl)=CC=3)NCCCCCCNC2C3CCC(CC=3N=C3C=2C=CC(=C3)Cl)(C)C)CC1)C,6.14266750356873
4410,NC(NN=CC1C(O)=CC=CC=1)=S,3.7686578620961
245,CCOC1C=CC(OCC2C=CC(C(N(C3C=CC=CC=3)C)=O)=CC=2)=CC=1,5.54060751224077
149,CC1C(NC2N=C(NC3C=CC(C#N)=CC=3)N=C(NCCNC3N=C(NC4C(C)=CC=CC=4C)N=C(NC4C=CC(C#N)=CC=4)N=3)N=2)=C(C)C=CC=1,7.39794000867204
3975,CCOC(C1SC(SC(C)C)=C(C#N)C=1C1C=C(O)C(O)=CC=1)=O,6.58502665202918
10,N(S(C1C=CC(OC)=C(C)C=1)(=O)=O)CC(C1C=CC=NC=1)N1CCN(CC2C=CC=CC=2)CC1,4.9793803386945
88,N(C1SC2CSC3C=CC=CC=3C=2N=1)C(C1N(C)N=CC=1)=O,6.01811904296827
102,CC1C=C(C)C(NC2N=C(NC3C=CC(C#N)=CC=3)N=C(NCCNC3N=C(OC4C(C)=CC(C)=CC=4C)N=C(NC4C=CC(C#N)=CC=4)N=3)N=2)=C(C)C=1,7.52287874528034
4027,CCOC1CC2C(=NC3C(C=2NCCCCCCCCCNC2C4C(=CC(=CC=4)Cl)N=C4C=2CC(OCC)CC4)=CC=C(Cl)C=3)CC1,6.14874165128092
53,N(C1SC(SCC(NC2CCCC2)=O)=NN=1)C(CC1C=CC=CC=1)=O,5.99382685705622
46,N(C1SC=C(CC(NC2C=CC(N(CC)CC)=CC=2C)=O)N=1)C(C1C=C(OC)C=C(OC)C=1)=O,5.99101375426144
8,N(C1SC(SCC(NC2C=CC3OCOC=3C=2)=O)=NN=1)C(C1C=CC=CC=1C(F)(F)F)=O,6.0300648234101
98,CC1C(OC2N=C(NC3C=CC(C#N)=CC=3)N=C(NCCNC3N=C(OC4C(C)=CC(Cl)=CC=4C)N=C(NC4C=CC(C#N)=CC=4)N=3)N=2)=C(C)C=C(Cl)C=1,7.69897000433602
4097,COC1C(OCCCCOC2C=CC(C3N=NNN=3)=CC=2)=CC(C2C(C)(C)C(=O)N(C(C)C)N=2)=CC=1,5.69897000433602
4278,CC(C1C=CC(Cl)=CC=1)=NN=C(S)N,4.95624487303132
4337,CCCCN1C2C(=CC(=C(N(CC3C=CC=CC=3)C)C=2)F)C(=O)C(C(=O)O)=C1,4.63827216398241
185,CN(C1N=C(NCCCNCCCCCCCCCCCCNCCCN)N=C(N)N=1)C,4.69897000433602
3998,CC(OC1C(O)C2C3N(CC4C2=CC2OCOC=2C=4)CCC3=C1)=O,6.34156640872185
4248,OCC1OC(N2C3C(=CN=CN=3)N=C2)C(O)C1,5.05601112492623
4250,NC1N=C(SC2C=CC(F)=CC=2)N=C(NC2C=CC(F)=CC=2)N=1,5.04095860767891
4195,CN(C1C=CC(NC2C3C(=CC(=CC=3)NC(CCN3CCCC3)=O)N=C3C=2C=CC(=C3)NC(CCN2CCCC2)=O)=CC=1)C,5.25884840114821
4219,CCOC(C1SC(SC(C)C)=C(C#N)C=1C1C=CC(OC)=CC=1)=O,5.15490195998574
271,CC1C=C(C)C(NC2N=C(NC3C=CC(C#N)=CC=3)N=C(NCCCCCCCCCCNC3N=C(NC4C(C)=CC(C)=CC=4C)N=C(NC4C=CC(C#N)=CC=4)N=3)N=2)=C(C)C=1,4.48865148450979
154,CCOC1C=CC(OCC2C=CC(C(N3C(C)CCCC3)=O)=CC=2)=CC=1,6.30980391997149
4361,COC1C=CC(COC2C(OC)=CC=C(C3C(C)(C)C(=O)N(C(C)C)N=3)C=2)=CC=1,4.49485002168009
4180,COC1C(OCC2C=CC=CC=2)=CC(C2C(C)(C)C(=O)N(C(C)C)N=2)=CC=1,5.34678748622466
26,C1N=C(N2CCN(C(C3C=C(OC)C=C(OC)C=3)=O)CC2)N(C2C=CC=C(Cl)C=2)C=1,4.9771136410286
257,CCOC1C=CC(NCC2C=CC(C(N3CC(C)CCC3)=O)=CC=2)=CC=1,5.50445566245355
4187,COC1C(O)=CC=C(C=CC(C2C(=O)NC3C(=CC=CC=3)C=2O)=O)C=1,5.30980391997149
130,CC1C=C(C)C(OC2N=C(NC3C=CC=CC=3)N=C(NCCNC3N=C(OC4C(C)=CC(C)=CC=4C)N=C(NC4C=CC=CC=4)N=3)N=2)=C(C)C=1,7.30102999566398
11,C(C(N(CCCN(C)C)C1SC2C=CC=CC=2N=1)=O)=CC1C=CC=CC=1,6.0188193369436
4244,CCC(SC1SC(C(NC(C(OC(C)(C)C)=O)CCC(=O)N)=O)=C(C2C=CC(Cl)=CC=2)C=1C#N)C,5.07058107428571
4153,CCOC(C1SC(SC(C)C)=C(C#N)C=1NC1C=CC(Cl)=CC=1)=O,5.44369749923271
4082,CC1C=C(C)C(OC2N=C(NC3C=CC(Cl)=CC=3)N=C(N)N=2)=C(C)C=1,5.82390874094432
280,CC1C=C(Br)C(OC2N=C(NC3C=CC(C#N)=CC=3)N=C(Cl)N=2)=CC=1,5.28567024025477
112,CC1C(OC2N=C(NC3C=CC(C#N)=CC=3)N=C(NCCCNC3N=C(OC4C(C)=CC=CC=4C)N=C(NC4C=CC(C#N)=CC=4)N=3)N=2)=C(C)C=CC=1,7.52287874528034
3929,CC1C(O)C(O)C(O)C(N2N=NC(CNC3C4=C5C(C(N(C4=O)CCCN(C)C)=O)=CC=C4C(N(C(=O)C(=C45)C=3)CCCN(C)C)=O)=C2)O1,7.76955107862173
32,N(C1C=CC(C(C)C)=CC=1)C(C1C2C=CC=CC=2NN=1)=O,5.02288725487355
4388,NC(NN=C(C1C=CC=CC=1)C1C=CC=CC=1)=S,4.16532502553726
4311,CCOC(C1SC(NC(CC2N=CNC=2)=O)=C(C#N)C=1C1C=CC(Cl)=CC=1)=O,4.76955107862173
4321,CC1CC2C(=NC3C(C=2N)=CC=CC=3)CC1,4.74232142513081
4157,CCCCCCCNC(C1C(=O)C2C(=CC=CC=2)C(=O)C=1O)C1N=CC=CC=1,5.42829116819131
134,CC1C(NC2N=C(NC3C=CC(C#N)=CC=3)N=C(NCCNC3N=C(NC4C(C)=CC(Br)=CC=4C)N=C(NC4C=CC(C#N)=CC=4)N=3)N=2)=C(C)C=C(Br)C=1,6.88605664769316
4041,CC1C=C(Br)C(NC2N=C(NC3C=CC(C#N)=CC=3)N=CN=2)=C(Br)C=1,6.01772876696043
4192,CC1C=CC(NC(CN2C(=O)C(N3C(C4C=CC(Cl)=CC=4)CC(C4C=C5C(C=CC=C5)=CC=4)=N3)SC2=O)=O)=CC=1,5.26520017041115
4190,CCCCN1C2C(=CC(=C(N3CCC(C(=O)N)CC3)C=2)F)C(=O)C(C(NCC2C=CC(O)=CC=2)=O)=C1,5.29073003902417
65,C1N=C(C2C=CC(N3CCN(C(CC4CCCC4)=O)CC3)=NN=2)C=CC=1,5.9341402396453
4254,O=C(NC1C=C(C2C=CC3=NN=C(C4C=NC=CC=4)N3N=2)C=CC=1)CC1SC=CC=1,5.03447791999769
4309,CCOC(C1SC(SC(C)C)=C(C#N)C=1OC1C=CC(Cl)=CC=1)=O,4.78251605578609
4043,CC(C1C=C2C(N=C(S2)NC(C2C=CC(C#N)=CC=2)=O)=CC=1)C,6.01290479078367
4042,CN1C2C(=CC(C(N3CCCC3)CNC(COC3C=CC(Cl)=CC=3)=O)=CC=2)CCC1,6.01758165252826
3958,NC1C2N=CN(C3C(O)CC(CO)O3)C=2N=C(F)N=1,6.76955107862173
4093,NC(C1CCN(C2C(F)=CC3C(C(C(NCC4C=CC=CC=4)=O)=CN(C4CC4)C=3C=2)=O)CC1)=O,5.71896663275227
4141,CC(=CCCC1(C2(C(=O)C(C(=C(C2=O)C(C2C=C(OCC3C=CC=CC=3)C(OCC3C=CC=CC=3)=CC=2)=O)O)(CC=C(C)C)CC1CC=C(C)C)CC=C(C)C)C)C,5.4907974776689
90,NC(C1C=CC(C2OC=C(C3C=CC(C(=N)N)=CC=3)C=2)=CC=1)=N,8.67778070526608
4365,CC(=CCC1C(O)=C(O)C=C(C2C(=O)C3C(=CC(=CC=3O)O)OC=2)C=1)C,4.48148606012211
197,CC1C=C(Br)C(NC2N=C(N3CCCCC3)N=C(NC3C=CC(C#N)=CC=3)N=2)=C(Br)C=1,5.77469071827414
4196,C(CNC1C2C(=CC=CC=2)N=C2C=1CCCC2)CNC1C2C(=CC=CC=2)N=C2C=1CCCC2,5.2518119729938
4240,CCOC(C1SC(SC(C)C)=C(C#N)C=1C1C=C(OC)C(OC)=C(OC)C=1)=O,5.08092190762393
4031,COC1C(OC)=C2CN(C3C4C(=CC5OCOC=5C=4)C=CC=3C2=CC=1)C,6.09691001300806
4235,CCOC(C1SC(SC(C)C)=C(C#N)C=1C1C=C(OC)C=CC=1)=O,5.09151498112135
4009,OCCCN1C2C(=CC(=C(N3CCOCC3)C=2)F)C(=O)C(C(NCC2C=CC=CC=2)=O)=C1,6.25963731050576
4347,CC(C1C=CC(Br)=CC=1)=NNC(=S)N,4.5704091977767
4349,CSCCC(C(=O)O)NC(C1SC(NCC2N(CC3C=CC(C#N)=CC=3)C=NC=2)=C(C#N)C=1C1C=CC(Cl)=CC=1)=O,4.55284196865778
4316,CCCNC(OC1CC2C3(C=CC4C(=O)OC(C5C=COC=5)C=4C=2C)C(C(OC3)=O)C1)=O,4.75249833257737
4205,O=C(OCCC1C=C(OCC2C=CC=CC=2)C(OCC2C=CC=CC=2)=CC=1)OCCCCCCCCOC(OCCC1C=C(OCC2C=CC=CC=2)C(OCC2C=CC=CC=2)=CC=1)=O,5.20760831050175
4277,CCOC(C1SC(SC(C)C)=C(C#N)C=1C1C(OC)=CC(OC)=CC=1)=O,4.95860731484177
4199,O=C(OCCC1C=C(OCC2C=CC=CC=2)C(OCC2C=CC=CC=2)=CC=1)OCCOC(OCCC1C=C(OCC2C=CC=CC=2)C(OCC2C=CC=CC=2)=CC=1)=O,5.24412514432751
4290,CN1C(N2CCN(CC(NC3C=CC(OC(F)(F)F)=CC=3)=O)CC2)=NC=C1,4.87350075974682
4266,COC1C(Cl)=CC(C2C(C)(C)C(=O)N(C3CCCCCC3)N=2)=CC=1,5.0
178,CC1C=C(Br)C(OC2N=C(NC3C=CC(C#N)=CC=3)N=C(Cl)N=2)=C(Br)C=1,5.83863199776502
4147,CCOC(CN(NC(C1SC(SC(C)C)=C(C#N)C=1C1C=CC(Cl)=CC=1)=O)CCSC)=O,5.46852108295774
4313,NC1C2C(=CC(=CC=2)Cl)N=C2C=1CCCC2,4.76700388960785
181,CN1CCN(C2N=C(NC3C=CC(C#N)=CC=3)N=C(NC3C(Br)=CC(C)=CC=3Br)N=2)CC1,5.72584215073632
4123,CSCCNC(C1SC(SC(C)C)=C(C#N)C=1C1C=CC(Cl)=CC=1)=O,5.55284196865778
4312,CCOC(C1SC(SC(C)C)=C(C#N)C=1C1C(O)=CC(O)=CC=1)=O,4.76955107862173
274,CCC1C=CC(OCC2C=CC(C(N(C3C=CC=CC=3)C)=O)=CC=2)=CC=1,5.31515463835559
218,COC1C=CC(OCC2C=CC(C(N3C(C)CCCC3)=O)=CC=2)=CC=1,5.42596873227228
40,N(C1C=CC(S(NCCC2C=CC(N3CCCC3)=CC=2)(=O)=O)=C(C)C=1)C(CC)=O,4.77664893300697
3925,NC(C1C=CC(C2OC(C3C=CC(C(=N)N)=CC=3)=CC=2)=CC=1)=N,8.4041920600414
224,CC(C1C(OC2C(CC3C=CC=CC=3)=CC3C(=CC=C(N4N=NC(C5C=CC=CC=5)=C4)C=3)N=2)=CC=C(F)C=1)N1C=NC=C1,5.6903698325741
132,CC1C(NC2N=C(NC3C=CC(C#N)=CC=3)N=C(NCCCNC3N=C(NC4C(C)=CC(Br)=CC=4C)N=C(NC4C=CC(C#N)=CC=4)N=3)N=2)=C(C)C=C(Br)C=1,6.88605664769316
22,N(C1C=CC(C(F)(F)F)=CC=1)C(NCC(C)N1CCC(C)CC1)=O,6.01269180549005
116,CN(C1C(C)=CC(C)=CC=1C)C1N=C(NC2C=CC(C#N)=CC=2)N=C(NCCCNC2N=C(N(C3C(C)=CC(C)=CC=3C)C)N=C(NC3C=CC(C#N)=CC=3)N=2)N=1,7.52287874528034
27,N(C1C=CC(NC2N=C(N(CC)CC)C=C(C)N=2)=CC=1)C(C1SC=CC=1)=O,5.90756392737346
3942,CN(CCCN1C(=O)C2C=C(NCC3N=NN(C4C(NC(=O)C)C(O)C(O)C(CO)O4)C=3)C3=C4C=2C(=CC=C4C(N(C3=O)CCCN(C)C)=O)C1=O)C,7.05060999335509
6,N(CCC1CCCCC=1)C(CC1CCCCN1S(C1C=CC(Cl)=CC=1)(=O)=O)=O,5.00203834386136
4310,NC1C2C(=CC=C(C=2)Cl)N=C2C=1CCCC2,4.78251605578609
262,CC1(C2C(C(F)(F)F)=NC3C(C=2C2C1=CC=CC=2)=CC(Br)=CC=3)OCC1OC1,5.0670191780768
3952,COC1C=C2C(N=C3C(=C2NCCCCCCCCCNC2C4C(=CC=C(C=4)OC)N=C4C=2CCCC4)CCCC3)=CC=1,6.85387196432176
4023,C(CCCNC1C2C(=CC=CC=2)N=C2C=1CCCC2)CCCCNC1C2C(=CC=CC=2)N=C2C=1CCCC2,6.18045606445813
4228,CC1C=C(Cl)C(NC2N=C(NC3C=CC(C#N)=CC=3)N=C(N)N=2)=CC=1,5.11350927482752
4173,CCOC1C=CC(OCC2C=CC(C(N3CCOCC3)=O)=CC=2)=CC=1,5.3767507096021
4,N(C1C=CC(F)=CC=1)C1N=C(N2CCCC2)N=C(N2CCCC2)N=1,5.87098087909831
298,CC1C=C(C)C(OC2N=C(NC3C=CC=CC=3)N=C(Cl)N=2)=C(C)C=1,4.81360878430451
1,OCC1CC(O)C(N2C3C(=C(N)N=CN=3)N=C2)O1,7.52287874528034
194,CC(OC(NCC(ON=C1C2C(N3CCN(C4N=CC=CC=4)CC3)=NC3C(C=2C2C1=CC=CC=2)=CC(Br)=CC=3)=O)=O)(C)C,5.21824462534753
4071,OC1C(O)=CC(CCOC(OCCC2C=C(O)C(O)=CC=2)=O)=CC=1,5.88605664769316
228,CC1C(OC2N=C(NC3C=CC(C#N)=CC=3)N=C(Cl)N=2)=C(C)C=C(Br)C=1,5.27408836770495
4241,CC(C12CC3CC(C1)CC(C3)C2)=NN=C(S)N,5.07675598136972
19,N(C1SC=C(C2C=CC=CN=2)N=1)C(C1C=C(Cl)SC=1Cl)=O,6.2916956755827
69,N(C1SC=C(C2C=CC=CN=2)N=1)C(CCCSC1C=CC(F)=CC=1)=O,6.0123607250987
4292,CCCCNC(OC1C=C2C3(COC2=O)C(=C(C2C(C4C=COC=4)OC(=O)C=2C=C3)C)C1)=O,4.87073493709988
4113,COC1C(OCC2N=CC=CC=2)=CC(C2C(C)(C)C(=O)N(C3CCCCCC3)N=2)=CC=1,5.60205999132796
4182,CN1CCN(C(C2C=CC=CC=2)C(NC2C(C(C3C=CC=CC=3)=O)=CC(NC(C(C)(C)C)=O)=CC=2)=O)CC1,5.33068311943389
259,COC1C2C(C3C(C=2C2C(=CC=C(C=2)Br)N=1)=CC=CC=3)(OC(N(C)C)=O)C,5.08460016478773
4073,CCCCCCCCCCCCCCOC(OCCC1C=C(O)C(O)=CC=1)=O,5.85387196432176
4239,CC(SC1SC(C(NC23CC4CC(C2)CC(C4)C3)=O)=C(C2C=CC(Cl)=CC=2)C=1C#N)C,5.08092190762393
4191,CC(C1C=CC(Br)=CC=1)=NNC(NC1C=CC=CC=1)=S,5.28483264215154
4368,COC1C(Br)=CC(C2C(C)(C)C(=O)N(C3CCCCCC3)N=2)=CC=1,4.46852108295774
4396,NC(NN=CC1C=CC(Cl)=CC=1)=S,4.08280969148844
58,OC1C=CC(Br)=CC=1C=NNC1N=CN=C2C=1N=CN2,5.98988543861166
4348,FC(C1C=CC(C(NCCNC2N=NC(NC3N=CC=CC=3)=CC=2)=O)=CC=1)(F)F,4.56127410827749
4364,OC1C=CC(C=CC(C2C(O)=CC(O)=CC=2)=O)=CC=1,4.48412615628832
4030,CCOC(CSCCNC(C1SC(SC(C)C)=C(C#N)C=1C1C=CC(Cl)=CC=1)=O)=O,6.09691001300806
4221,NC1N=C(NC2C=CC(C#N)=CC=2)N=C(NC2C=CC(F)=CC=2)N=1,5.14874165128092
4189,C(NC1C2C(=CC=CC=2)N=C2C=1CCCC2)CNC1C2C(=CC=CC=2)N=C2C=1CCCC2,5.29242982390206
243,CC1C=C(Br)C(NC2N=C(NC3C=CC(C#N)=CC=3)N=C(N)N=2)=C(C)C=1,5.21112488422458
4405,OC1C=C2C(C3C(CO2)C2C(=CC4OCOC=4C=2)O3)=CC=1,3.88605664769316
4080,COC(C(NC(C1SC(SC(C)C)=C(C#N)C=1C1C=C(O)C(O)=CC=1)=O)CCSC)=O,5.82390874094432
4393,CC(C1C(O)=CC(O)=C(C2C(=O)C3C(=CC(=CC=3O)O)OC=2)C=1)(C=C)C,4.1232050237993
4366,COC1C(OCC2C=C(C)ON=2)=CC(C2C(C)(C)C(=O)N(C(C)C)N=2)=CC=1,4.48148606012211
73,N(C1C=CC(CCCC)=CC=1)C(CSC1C2C=CC=CC=2N(CC)C=1)=O,5.01265952889307
281,CN(C1N=C(N)N=C(NCCCNCCCCCCCCCNCCCNC2N=C(N)N=C(N(C)C)N=2)N=1)C,4.39794000867204
4156,CCC1CC2C(=NC3C(C=2N)=CC(Cl)=CC=3)CC1,5.431798275933
131,CC1C=C(C)C(NC2N=C(NC3C=CC(C#N)=CC=3)N=C(NCCCNC3N=C(NC4C(C)=CC(C)=CC=4C)N=C(NC4C=CC(C#N)=CC=4)N=3)N=2)=C(C)C=1,7.09691001300806
71,C(C(N1CCN(C2N(C3C=CC(C)=CC=3)C=CN=2)CC1)=O)=CC1C=CC=CC=1,4.96149688971376
4246,COC1C(OCC2C=CC=CC=2)=CC(C2C(C)(C)C(=O)NN=2)=CC=1,5.06550154875643
4301,COC(C(NC(C1SC(SC(C)C)=C(C#N)C=1C1C2OC3C(C=2C=CC=1)=CC=CC=3)=O)CCSC)=O,4.82390874094432
4400,COC1C=CC(C2C(=O)C3C(=CC(=CC=3)O)OC=2)=CC=1,4.04479346245806
4362,COC1C=C2C(C(C(C3C(C(C=C)(C)C)=CC(OC)=C(OC)C=3)=CO2)=O)=C(O)C=1,4.4907974776689
31,NC(C1C2CCCCC=2SC=1NC1SC2C(=C(C=CC=2)OC)N=1)=O,5.57950823288663
4122,CCOC(C1SC(N(CC2N(CC3C=CC(C#N)=CC=3)C=NC=2)CC2N(CC3C=CC(C#N)=CC=3)C=NC=2)=C(C#N)C=1C1C=CC(Cl)=CC=1)=O,5.55284196865778
4414,CC1C(C=NNC(=S)N)=CC=CC=1,3.65462626944091
4021,CCCCCCCCCCCCNC(C1C(=O)C2C(=CC=CC=2)C(=O)C=1O)C1N=CC=CC=1,6.18976748200492
4154,OC1C(O)=C2C(C3C(CO2)C2C(=CC4OCOC=4C=2)O3)=CC=1,5.431798275933
4091,CCCCN1C2C(=CC(=C(N3CCC(C(=O)N)CC3)C=2)F)C(=O)C(C(NCC2OC=CC=2)=O)=C1,5.73518217699046
91,CC1C=C(Br)C(NC2N=C(NC3C=CC(C#N)=CC=3)N=C(NCCCNC3N=C(NC4C(Br)=CC(C)=CC=4Br)N=C(NC4C=CC(C#N)=CC=4)N=3)N=2)=C(Br)C=1,7.52287874528034
3963,CCCCN1C2C(=CC(=C(C=2F)N2CCOCC2)F)C(=O)C(C(NCC2C=CC=CC=2)=O)=C1,6.69897000433602
172,NC1N=C(N)N=C(CN(CC2N=C(N)N=C(N)N=2)CCCNCCCCCCCCCCCCNCCCN(CC2N=C(N)N=C(N)N=2)CC2N=C(N)N=C(N)N=2)N=1,4.67778070526608
3955,C(CCCCNC1C2C(=CC=CC=2)N=C2C=1CCCC2)CCCCNC1C2C(=CC=CC=2)N=C2C=1CCCC2,6.79588001734407
170,COC1C(NC(NC2C=C3C(N=C(C(=C3)CC3C=CC=CC=3)OC3C(C(O)C)=CC(F)=CC=3)=CC=2)=S)=CC=CC=1,5.74714696902011
97,CC1C=C(C)C(OC2N=C(NC3C=CC(C#N)=CC=3)N=C(NCCNC3N=C(OC4C(C)=CC(C)=CC=4C)N=C(NC4C=CC(C#N)=CC=4)N=3)N=2)=C(C)C=1,7.82390874094432
4111,CCCC(OC1C=C2C3(COC2=O)C(=C(C2C(C4C=COC=4)OC(=O)C=2C=C3)C)C1)=O,5.60872141391023
44,N(C1C=CC(OC)=CC=1)C1N=C(NC2C=CC=CC=2OC)N=C(N2CCOCC2)N=1,5.98583708204912
93,CC1C(C2OC(C3N=CC(C(=N)N)=CC=3)=CC=2)=CC=C(C(=N)N)C=1,8.0
4247,CC(=CCCC1(C2(C(=O)C(C(=C(C2=O)C(C2C=C(OC(C(C)(C)C)=O)C(OC(C(C)(C)C)=O)=CC=2)=O)O)(CC=C(C)C)CC1CC=C(C)C)CC=C(C)C)C)C,5.06248210798265
4285,COC1C=CC(C2C(=O)C3C(=CC(=CC=3O)O)OC=2)=CC=1,4.9100948885606
3920,CCCCCCCC(NC1C2N=CN(C3C(O)CC(CO)O3)C=2N=CN=1)=O,9.0
198,COC1C2C(C3C(C=2C2C(=CC=C(C=2)Br)N=1)=CC=CC=3)(OCC(CN1N=C(C2C=C(C(F)(F)F)C=CC=2)C=C1)O)C,5.63638802010786
4018,NC1N=C(OC2C=CC(F)=CC=2)N=C(NC2C=CC(F)=CC=2)N=1,6.22184874961636
85,N(C1SC2C(C)(C)NC(CC=2C=1C(OCC)=O)(C)C)C(C1COC2C=CC=CC=2O1)=O,6.05022542865605
192,CC1C=C(Br)C(NC2N=C(NC3C=C(C#N)C=CC=3)N=C(N)N=2)=C(Br)C=1,5.16494389827988
4340,OC1C=CC(C2C(=O)C3C(=CC(=CC=3)O)OC=2)=CC=1,4.6252516539899
252,NC1N=C(N)N=C(CN(CC2N=C(N)N=C(N)N=2)CCCNCCCCCCCCCNCCCN(CC2N=C(N)N=C(N)N=2)CC2N=C(N)N=C(N)N=2)N=1,4.49485002168009
4363,CC1C=C(C)C(OC2N=C(NC3C=CC=CC=3)N=CN=2)=C(C)C=1,4.48811663902113
297,FC(C1(C#CC2CC2)C2C(=CC=C(C=2)Cl)NC(=O)O1)(F)F,4.51999305704285
3940,CCCCN1C2C(=C(C=C(N3CCOCC3)C=2)F)C(=O)C(C(NCC2C=CC=CC=2)=O)=C1,7.09691001300806
4162,CCCC(OC1C2C3N(CC4C2=CC2OCOC=2C=4)CCC3=CC1O)=O,5.41328761309481
24,C1C=C(COC2C=CC=C3C(N(CCC=23)CC2C=CC(Cl)=CC=2)=O)OC=1C(OC)=O,5.74165974736105
208,CC(C1C(OC2C(CC3C=CC=CC=3)=CC3C(=CC=C(C=3)NS(C3C=C(C(F)(F)F)C=CC=3)(=O)=O)N=2)=CC=C(F)C=1)O,5.66154350639539
4259,COC1C(OCC2C3C(=CC=CC=3)C=CC=2)=CC(C2C(C)(C)C(=O)N(C(C)C)N=2)=CC=1,5.01772876696043
4077,CCCCN1C2C(=CC(=C(N3CCC(C(=O)N)CC3)C=2)F)C(=O)C(C(NCC2C=CC(OC)=CC=2)=O)=C1,5.83863199776502
42,NC(C1C=C(C2C=CC=CC=2)SC=1NC(C1N(C)N=CC=1)=O)=O,5.01266427586726
4169,OCCCCCCOC(OCCC1C=C(O)C(O)=CC=1)=O,5.38721614328026
72,N(C1SC=C(C2C=CC=CN=2)N=1)C(CC1C=CC(F)=CC=1)=O,6.00749284203936
4200,COC(C(NC(C1SC(SC(C)C)=C(C#N)C=1C1C=C(C2C=CC=CC=2)C=CC=1)=O)CCSC)=O,5.23657200643706
4224,CCOC1C=CC(OCCCCCC(N2CCCCC2)=O)=CC=1,5.1337126609158
25,N(C1SC(SCC(NCCC2C=CC(OC)=C(OC)C=2)=O)=NN=1)C(C1C=C(Cl)C=CC=1Cl)=O,6.1754001788068
4089,CN(CC(OC(N1C2C(=C(N=CN=2)N)N=C1)COC(=O)C)COC(=O)C)CC=CCN,5.74472749489669
175,CC1C=C(C)C(NC2N=C(NCCCNC3N=C(NC4C(C)=CC(C)=CC=4C)N=C(NC4C(C)=CC(C)=CC=4C)N=3)N=C(NC3C(C)=CC(C)=CC=3C)N=2)=C(C)C=1,4.501551596826
4284,NC(C1CCN(C2C(F)=CC3C(C(C(NCC4OC=CC=4)=O)=CN(C4CC4)C=3C=2)=O)CC1)=O,4.91721462968355
3924,NC(C1C=CC(C2OC(C3N=CC(C(=N)N)=CC=3)=CC=2)=CC=1)=N,8.46852108295774
4416,NC(NN=CCCC1C=CC=CC=1)=S,3.58467601730031
4148,CCCC1CC2C(=NC3C(C=2N)=CC=C(Cl)C=3)CC1,5.46852108295774
184,CNC1N=C(NC)N=C(NCCCNCCCCCCCCCNCCCN)N=1,4.07572071393812
33,C1C=CC(SCCCC(N(CCCN(C)C)C2SC3C=C(C=CC=3N=2)OC)=O)=CC=1,5.98901929996362
3988,CCCCCCCCCOC(OCCC1C=C(O)C(O)=CC=1)=O,6.39794000867204
4394,NC(NN=CC=CC1C=CC=CC=1)=S,4.11758931562603
241,CC(OC(N1CC(C(ON=C2C3C(C(F)(F)F)=NC4C(C=3C3C2=CC=CC=3)=CC(Br)=CC=4)=O)CCC1)=O)(C)C,5.12147820449879
4327,CCOC1C=CC(NCC2C=CC(C(N3CCOCC3)=O)=CC=2)=CC=1,4.68613277963085
229,CC1C(OC2N=C(NC3C=CC(C#N)=CC=3)N=C(Cl)N=2)=C(C)C=CC=1,5.38721614328026
4047,OC1C(O)=CC(CCOC(OCCCCCCCCOC(OCCC2C=C(O)C(O)=CC=2)=O)=O)=CC=1,6.0
4258,COC1C(OCC2C3C(=CC=CC=3)C=CC=2)=CC(C2C(C)(C)C(=O)N(C3CCCCCC3)N=2)=CC=1,5.01772876696043
254,CC(OC(N1C(C(ON=C2C3C(N4C=NC=C4)=NC4C(C=3C3C2=CC=CC=3)=CC(Br)=CC=4)=O)CCC1)=O)(C)C,5.13608262304214
171,COC1C=C(NC(NC2C=C3C(N=C(C(=C3)CC3C=CC=CC=3)OC3C(C(O)C)=CC(F)=CC=3)=CC=2)=S)C=CC=1,5.69897000433602
251,CC1C=C(Br)C(NC2N=C(NC3C=C(C#N)C=CC=3)N=C(Cl)N=2)=C(Br)C=1,5.09366495819491
23,N(C1OC(C2SC=CC=2)=NN=1)C(C1C=CC=CC=1SCC)=O,5.7034748736019
201,COC1C=CC(NC(NC2C=C3C(N=C(C(=C3)CC3C=CC=CC=3)OC3C(C(O)C)=CC(F)=CC=3)=CC=2)=S)=CC=1,5.67985371388895
4062,FC1C(C(NC2C=C(C3C=CC4=NN=C(C5SC=CC=5)N4N=3)C=CC=2)=O)=C(F)C=CC=1,5.95478391131526
4282,CCOC(C1SC(NCC2N=CN(CC3C=CC(C#N)=CC=3)C=2)=C(C#N)C=1C1C=CC(Cl)=CC=1)=O,4.92081875395237
4267,COC1C=CC(COC2C(OC)=CC=C(C3C(C)(C)C(=O)N(C4CCCCCC4)N=3)C=2)=CC=1,5.0
4372,CC(C1CC(=NNC(=S)N)C(C)=CC1)=C,4.40110011293612
4373,CC1C=C(Br)C(NC2N=C(NC3C=CC(F)=CC=3)N=C(N)N=2)=C(Br)C=1,4.40011692792631
191,CC1C=C(C)C(OC2N=C(NC3C=CC(C#N)=CC=3)N=C(Cl)N=2)=C(C)C=1,5.67366413907125
164,CC1C(NC2N=C(NC3C=CC(C#N)=CC=3)N=C(NCCCCCNC3N=C(NC4C(C)=CC=CC=4C)N=C(NC4C=CC(C#N)=CC=4)N=3)N=2)=C(C)C=CC=1,6.52287874528034
299,CC1C=C(C)C(OC2N=C(NC3C=C(C#N)C=CC=3)N=C(Cl)N=2)=C(C)C=1,5.2839966563652
4038,CCC(C(OC1C2C(C=CC(C2CCC2OC(=O)CC(O)C2)C)=CCC1)=O)C,6.0268721464003
3934,CCCCN1C2C(=CC(=C(N3CCOCC3)C=2)F)C(=O)C(C(NCC2C(F)=CC(F)=CC=2)=O)=C1,7.52287874528034
4185,CCCN1C2C(=CC(=C(N3CCC(C(=O)N)CC3)C=2)F)C(=O)C(C(NCC2OC=CC=2)=O)=C1,5.31515463835559
143,C1NC(C2C=CC(C3OC(C4C=CC(C5NCCN=5)=CC=4)=CC=3)=CC=2)=NC1,6.60032627851896
62,N(C1SC(SCC(NCC(OCC)=O)=O)=NN=1)C(C1C=CC=CC=1Cl)=O,6.24227982086809
4127,CCOC(C1SC(N(C(OC(C)(C)C)=O)CC2N=CN(CC3C=CC(C#N)=CC=3)C=2)=C(C#N)C=1C1C=CC(Cl)=CC=1)=O,5.53760200210104
180,CN(C1N=C(NCCCNCCCCCCCCCCCCNCCCNC2N=C(N(C)C)N=C(N(C)C)N=2)N=C(N(C)C)N=1)C,5.76955107862173
4075,COC1C(O)=CC(C(C2C(=O)C3(C(=O)C(CC(C3(CCC=C(C)C)C)CC=C(C)C)(CC=C(C)C)C=2O)CC=C(C)C)=O)=CC=1,5.84771165561694
277,CC1C(NC2N=C(NC3C=CC(C#N)=CC=3)N=C(NCCCCCNC3N=C(NC4C(C)=CC(Br)=CC=4C)N=C(NC4C=CC(C#N)=CC=4)N=3)N=2)=C(C)C=C(Br)C=1,4.51970553999699
4150,COC(CNC(C(NC(CCC(C(OC)=O)NC(OCC1C=CC=CC=1)=O)=O)CSC(C1C=CC(Br)=CC=1)=O)=O)=O,5.45593195564972
4320,NC1C2C(=CC=CC=2)N=C2C=1C(CCC2)=O,4.74472749489669
249,CC1C=C(Br)C(NC2N=C(NC3C=CC=CC=3)N=C(N)N=2)=C(Br)C=1,5.19111413264019
21,N(C1SC=C(C2OC3C(=CC=CC=3OCC)C=2)N=1)C(C1SC2C=CC=CC=2C=1Cl)=O,6.28322486923401
9,N(C1C=CC(NC2N=C(N(CC)CC)C=C(C)N=2)=CC=1)C(C1OC(Br)=CC=1)=O,5.67383918682348
237,ON=C1C2C(N3CCN(C4N=CC=CC=4)CC3)=NC3C(C=2C2C1=CC=CC=2)=CC(Br)=CC=3,5.08777794346758
4383,CC1(OC2C(=C(C3C(=O)C4C(=CC(=CC=4O)O)OC=3)C=CC=2O)CC1)C,4.23732143627256
4377,NC(NN=CC1C(O)=CC=C(Cl)C=1)=S,4.34122567915564
4272,CC(OC1CC2C3(COC2=O)C(=C(C2C(C4C=COC=4)OC(=O)C=2C=C3)C)C=1)=O,4.96345759047929
4152,CCC1CC2C(=NC3C(C=2N)=CC=C(Cl)C=3)CC1,5.45593195564972
125,COC1C(OC2N=C(NC3C=CC(C#N)=CC=3)N=C(NCCNC3N=C(OC4C(OC)=CC(C)=CC=4OC)N=C(NC4C=CC(C#N)=CC=4)N=3)N=2)=C(OC)C=C(C)C=1,6.88605664769316
4253,CCCC(OC1CC2C3(COC2=O)C(=C(C2C(C4C=COC=4)OC(=O)C=2C=C3)C)C=1)=O,5.0358051518833
3965,CC1CC2C(=NC3C(C=2NCCCCCCCCCNC2C4C(=CC=CC=4)N=C4C=2CC(CC4)C)=CC=CC=3)CC1,6.67778070526608
4346,CCOC(C1SC(NCC2N=CNC=2)=C(C#N)C=1C1C=CC(Cl)=CC=1)=O,4.58502665202918
4329,COC1C(C(C=CC2C=CC=CC=2)=O)=C(O)C(C)=C(O)C=1C,4.67537093593886
210,CC(CC(C(ON=C1C2C(N3CCN(C4N=CC=CC=4)CC3)=NC3C(C=2C2C1=CC=CC=2)=CC(Br)=CC=3)=O)NC(OCC1C2C(=CC=CC=2)C2C1=CC=CC=2)=O)C,5.13489602535887
81,N(C1SC(SCC(NCC2OC=CC=2)=O)=NN=1)C(C1C=CC(S(N(C)C)(=O)=O)=CC=1)=O,4.98023790594461
66,N(C1C=CC(NS(C2C=CC(C)=CC=2C)(=O)=O)=CC=1)C1N=C(N(CC)CC)C=C(C)N=1,6.01059051214403
4048,CC1C=CC(NC2N=C(NC3C=CC(C#N)=CC=3)N=C(N)N=2)=CC=1,6.0
144,COC1C2C(C3C(C=2C2C(=CC=C(C=2)Br)N=1)=CC=CC=3)(OCC(CN)O)C,6.60205999132796
230,CNC1N=C(NC)N=C(NCCCNCCCCCCCCCCCCNCCCNC2N=C(NC)N=C(NC)N=2)N=1,4.76955107862173
195,CN(C1N=C(NCCCNCCCCCCCCCNCCCNC2N=C(N(C)C)N=C(N(C)C)N=2)N=C(N(C)C)N=1)C,4.49485002168009
3994,CCCCOC1CC2C(=NC3C(C=2NCCCCCCCCCNC2C4C(=CC(=CC=4)Cl)N=C4C=2CC(OCCCC)CC4)=CC=C(Cl)C=3)CC1,6.3767507096021
4245,COC1C(O)=CC(C2C(C)(C)C(=O)N(C3CCCCCC3)N=2)=CC=1,5.06550154875643
4105,C(CNC1C2C(=CC=CC=2)N=C2C=1CCCC2)CCNC1C2C(=CC=CC=2)N=C2C=1CCCC2,5.67778070526608
4002,CCCCCCCCOC(OCCC1C=C(O)C(O)=CC=1)=O,6.30102999566398
84,N(C1OC(C2C=CC=CC=2OC)=NN=1)C(C1C=CC(S(N(CC2OC=CC=2)C)(=O)=O)=CC=1)=O,5.01268892857486
4046,CC1C=CC(S(N2C3C(=CC(=CC=3)NC(OC3C=CC=CC=3)=O)CCC2)(=O)=O)=CC=1,6.00778889561131
282,CCCC1C=CC(OCC2C=CC(C(N3CCOCC3)=O)=CC=2)=CC=1,5.37986394502624
256,CC1C=C(Cl)C(OC2N=C(NC3C=CC(C#N)=CC=3)N=C(Cl)N=2)=CC=1,5.25884840114821
3969,CCCCN1C2C(=CC(=C(N3CCOCC3)C=2)OC)C(=O)C(C(NCC2C=CC=CC=2)=O)=C1,6.61978875828839
157,CC1C=C(Br)C(OC2N=C(NC3C=CC(C#N)=CC=3)N=C(N)N=2)=C(Br)C=1,5.86327943284359
60,NC(C1C2CCN(C(C)C)CC=2SC=1NC(C1C(=O)OC2C(=C3C(=CC=2)C=CC=C3)C=1)=O)=O,5.98478144911055
4326,COC1C=C2C(C(C(C3C=CC(O)=CC=3)=CO2)=O)=C(O)C=1,4.69464863055338
4407,NC(NN=CC1C=C(Br)C=CC=1)=S,3.86694035724609
4202,CCC(OC1C=C2C3(COC2=O)C(=C(C2C(C4C=COC=4)OC(=O)C=2C=C3)C)C1)=O,5.2326984663836
4000,CCNC(OC1C=C2C3(COC2=O)C(=C(C2C(C4C=COC=4)OC(=O)C=2C=C3)C)C1)=O,6.3257413721538
12,N(C1SC(SCC(NC2C=CC(Cl)=C(Cl)C=2)=O)=NN=1)C(C(C)(C)C)=O,5.96343172266189
4359,COC1C(OCC2C=CC=CC=2)=CC(C2C(C)(C)C(=O)N(C)N=2)=CC=1,4.49485002168009
4294,COC1C=CC(C2N(C3C(=O)NC(=O)S3)N=C(C3C=C4C(C=CC=C4)=CC=3)C2)=CC=1,4.85792353892672
70,C1C=CC(C(N(CCCN(C)C)C2SC3C(=C(C=CC=3C)OC)N=2)=O)=C(SC)C=1,5.99759063503458
145,COC1C(NC(NC2C=C3C(N=C(C(=C3)CC3C=CC=CC=3)OC3C(C(O)C)=CC(F)=CC=3)=CC=2)=O)=CC=CC=1,6.18708664335714
4220,CN1CCN(C(C2C=CC=CC=2)C(NC2C(C(C3C=CC=CC=3)=O)=CC(NC(C3C=NC=CC=3)=O)=CC=2)=O)CC1,5.15366288787019
4402,OC1C=C2OC=C(C3C=CC=CC=3)C(=O)C2=CC=1,4.02594909720712
4004,COC(C1C2CC(NC(C)(C)C=2SC=1NC(C1SC2C(=CC=CC=2)N=1)=O)(C)C)=O,6.29858019265464
4096,CCCCN1C2C(=CC(=C(N3CCC(C(=O)N)CC3)C=2)F)C(=O)C(C(NCC2C=CC=CC=2)=O)=C1,5.70333480973847
4251,COC1C(OCCCCOC2C=CC(C#N)=CC=2)=CC(C2C(C)(C)C(=O)N(C(C)C)N=2)=CC=1,5.04095860767891
49,C1SC(CC(N2CCN(C3N(C4C=C(Cl)C=CC=4)C=CN=3)CC2)=O)=CC=1,4.90909157551622
129,NC(C1C=CC(CC2OC(C3N=CC(C(=N)N)=CC=3)=CC=2)=CC=1)=N,6.50307035192678
4052,CCN(CCN(C1SC2C(=C(C(=CC=2)C)C)N=1)C(CC1C=C2C(OCO2)=CC=1)=O)CC,5.98789948986994
4087,CC(=CCCC1(C2(C(=O)C(C(=C(C2=O)C(C2C=C(OC(=O)C)C(O)=CC=2)=O)O)(CC=C(C)C)CC1CC=C(C)C)CC=C(C)C)C)C,5.74957999769111
4291,CC1CC2C(=NC3C(C=2N)=CC=C(Cl)C=3)CC1,4.87289520163519
4065,OCC1C(O)C(O)C(N2C3C(=CN=CN=3)N=C2)O1,5.93930215964639
4103,OC1C(O)=CC(CCOC(OCCCCCCOC(OCCC2C=C(O)C(O)=CC=2)=O)=O)=CC=1,5.67778070526608
290,NC1N=C(N)N=C(NN=CC2OC=CC=2)N=1,4.78251605578609
4413,NC(NN=CC1C(Cl)=CC=CC=1)=S,3.65757731917779
4072,CC1C=C(C)C(OC2N=C(NC3C=C(F)C=C(F)C=3)N=C(N)N=2)=C(C)C=1,5.88605664769316
4343,ClC1C=CC(C2C(C#N)=C(NCC3N(CC4C=CC(C#N)=CC=4)C=NC=3)SC=2)=CC=1,4.60205999132796
92,NC(C1C=C(F)C(C2OC(C3C(F)=CC(C(=N)N)=CC=3)=CC=2)=CC=1)=N,7.82973828460504
4314,CCC1CC2C(=NC3C(C=2N)=CC=CC=3)CC1,4.76447155309245
4213,C(CCNC1C2C(=CC=CC=2)N=C2C=1CCCC2)CCNC1C2C(=CC=CC=2)N=C2C=1CCCC2,5.19382002601611
4392,COC1C=C2NC3C(C2=CC=1)=CC=NC=3C,4.13076828026902
4051,ClC1C=C(Cl)C(OCC(NC2ON=C3C=2CCC3)=O)=CC=1,5.99102700718594
4261,FC(C1C(S(NCCNC2N=NC(NC3N=CC=CC=3)=CC=2)(=O)=O)=CC=CC=1)(F)F,5.00743289891689
124,CC1C=C(Cl)C(OC2N=C(NC3C=CC(C#N)=CC=3)N=C(N)N=2)=CC=1,7.30102999566398
4319,COC1C=CC(OCC2C=CC(C(N(C3C=CC=CC=3)C)=O)=CC=2)=CC=1,4.74472749489669
68,C1N(C)N=C(OC)C=1C1N(C)C(SCC(N2CCC(CC3C=CC=CC=3)CC2)=O)=NN=1,6.01257115213104
4286,COC1C(O)=CC(C2C(=O)C3C(=CC(=CC=3)O)OC=2)=CC=1,4.89619627904404
202,CC(OC(NC(C(C)(C)C)C(ON=C1C2C(N3CCN(C4N=CC=CC=4)CC3)=NC3C(C=2C2C1=CC=CC=2)=CC(Br)=CC=3)=O)=O)(C)C,5.66554624884907
4229,COC1C=C2C(C(C(C3C=C(OC)C(OC)=C(CC=C(C)C)C=3)=CO2)=O)=C(OC)C=1,5.10790539730952
4053,CC(N1CCC(C)CC1)CNC(NC1C=CC(F)=CC=1)=O,5.98528661171415
59,N(C1OC(C2C=CC(F)=CC=2)=NN=1)C(C1C=CC(S(N(C2CCCCC2)CC)(=O)=O)=CC=1)=O,5.68946145054408
3970,C(CCCCNC1C2C=CCCC=2N=C2C=1C=CC=C2)CCCCNC1C2C(=CC=CC=2)N=C2C=1C=CCC2,6.60205999132796
219,COC1C(NC(NCC(COC2(C3C(=NC4C(C=3C3C2=CC=CC=3)=CC(Br)=CC=4)OC)C)O)=O)=CC=CC=1,5.08460016478773
4025,C(CCNC1C2C(=CC=CC=2)N=C2C=1C=CCC2)CCCNC1C2C=CCCC=2N=C2C=1C=CC=C2,6.15490195998574
4143,CN1CCN(C(C2C=CC=CC=2)C(NC2C(C(C3C=CC=CC=3)=O)=CC(NC(C3C=CC=CC=3)=O)=CC=2)=O)CC1,5.48412615628832
260,CCOC1C=CC(NCC2C=CC(C(N(C3C=CC=CC=3)C)=O)=CC=2)=CC=1,5.33348201944512
4149,CCCC1CC2C(=NC3C(C=2N)=CC(Cl)=CC=3)CC1,5.46852108295774
67,N(CC(C1C=CSC=1)N(C)C)C(C1C=CC(C2C=CC=CC=2)=CC=1)=O,5.94818849767662
4404,CC1C=CC(C=NNC(=S)N)=CC=1,3.9079815292472
177,CC1C=C(Br)C(NC2N=C(NC3C=CC(C#N)=CC=3)N=C(NCCCCNC3N=C(NC4C(Br)=CC(C)=CC=4Br)N=C(NC4C=CC(C#N)=CC=4)N=3)N=2)=C(Br)C=1,6.2518119729938
4341,CCOC(C1SC(SC(C)C)=C(C#N)C=1CC1C=CC=CC=1)=O,4.61978875828839
3957,FCCCN1C2C(=CC(=C(N3CCOCC3)C=2)F)C(=O)C(C(NCC2C=CC=CC=2)=O)=C1,6.76955107862173
4026,ClC1C=C2N=C3C(=C(NCCCCCCNC4C5C(=CC(=CC=5)Cl)N=C5C=4CCCC5)C2=CC=1)CCCC3,6.14874165128092
4333,CC1N=C2C(C=CC=C2CN2C(CO)C(O)C(O)C2)=C(Cl)C=1,4.65757731917779
114,CC1C=C(C)C(NC2N=C(NC3C=CC(C#N)=CC=3)N=C(NCCNC3N=C(NC4C(C)=CC(C)=CC=4C)N=C(NC4C=CC(C#N)=CC=4)N=3)N=2)=C(C)C=1,7.15490195998574
4232,CC1C(NC2N=C(NC3C=CC(C#N)=CC=3)N=C(N)N=2)=C(C)C=C(F)C=1,5.10237290870956
4304,CC1C2C(C3C=COC=3)OC(=O)C=2C=CC23C(=CC(OC(NC4C=CC=CC=4)=O)CC=12)C(=O)OC3,4.81793490779162
4390,CC(C1C=C(Br)C=CC=1)=NNC(=S)N,4.15242734085789
279,COC1C(C(C2C=CC=CC=2)N2C=NC=C2)=CC2C(=CC=C(C=2)Br)N=1,4.48558507941963
296,OC1C=CC(C2OC3C(=C(C=C(C=3)O)O)C(=O)C=2)=CC=1,4.92445303860747
284,NC1N=C(N)N=C(NN=CC2SC=CC=2)N=1,4.05060999335509
50,C1C(C(N(CCCN(C)C)C2SC3C(=CC=C(C)C=3N=2)Cl)=O)=NOC=1C,6.01691619031691
155,CC1C=C(Br)C(NC2N=C(NC3C=CC(C#N)=CC=3)N=C(NC3C=CC=CC=3)N=2)=C(Br)C=1,6.3767507096021
4367,CC1(SC2N(N=C(N=2)Br)C1)COC1C=CC(OC(F)(F)F)=CC=1,4.46852108295774
4401,COC1C=CC(C(=NNC(=S)N)C)=CC=1,4.04029097575357
4215,CN1CCN(C(C2C=CC=CC=2)C(NC2C(C(C3C=CC=CC=3)=O)=CC(NC(=O)C)=CC=2)=O)CC1,5.18111458540599
4256,COC1C(OCC2C=CC(C#N)=CC=2)=CC(C2C(C)(C)C(=O)N(C3CCCCCC3)N=2)=CC=1,5.02227639471115
4128,CCOC1C=CC(NCC2C=CC(C(N3CCCCC3)=O)=CC=2)=CC=1,5.53760200210104
4263,ClC1C=CC(C2C(C#N)=C(NCC3N=CN(CC4C=CC(C#N)=CC=4)C=3)SC=2)=CC=1,5.0
4178,CC(SC1SC(C(NCC2C3C(=CC=CC=3)C=CC=2)=O)=C(C2C=CC(Cl)=CC=2)C=1C#N)C,5.35654732351381
270,CC1C=C(C)C(NC2N=C(NC3C=CC(C#N)=CC=3)N=C(Cl)N=2)=C(C)C=1,4.33970383972927
107,CC1C=C(C)C(NC2N=C(NC3C=CC(C#N)=CC=3)N=C(NCCNC3N=C(NC4C(Br)=CC(C)=CC=4Br)N=C(NC4C=CC(C#N)=CC=4)N=3)N=2)=C(C)C=1,6.88605664769316
104,CC1C=C(C)C(OC2N=C(NC3C=CC(C#N)=CC=3)N=C(NCCNC3N=C(OC4C(C)=CC(C)=CC=4C)N=C(NC4C=C(C#N)C=CC=4)N=3)N=2)=C(C)C=1,7.69897000433602
291,CC1C=C(Br)C(NC2N=C(NC3C=CC(C#N)=CC=3)N=C(C#N)N=2)=C(C)C=1,4.93516778026143
4222,OC1C=C2OC=C(C3C=C(O)C(O)=CC=3)C(=O)C2=CC=1,5.14874165128092
79,N(C1C=CC(OC2C=CC=CC=2)=CC=1)C(NCC(C)N1CCCCC1)=O,6.04456187683715
4293,CCC(OC1CC2C3(COC2=O)C(=C(C2C(C4C=COC=4)OC(=O)C=2C=C3)C)C=1)=O,4.86602157574969
165,CC1C=C(C)C(NC2N=C(N3CCN(C4N=C(NC5C(Br)=CC(C)=CC=5Br)N=C(NC5C=CC(C#N)=CC=5)N=4)CC3)N=C(NC3C=CC(C#N)=CC=3)N=2)=C(C)C=1,5.11407366019857
294,CNC1N=C(NC)N=C(NCCCNCCCCCCCCCNCCCNC2N=C(NC)N=C(NC)N=2)N=1,5.39794000867204
4297,COC1C(OC)=C2C(C3C=CC4C(=CC(=C(C=4)O)O)C=3N(C2CC(=O)C)C)=CC=1,4.85078088734462
3923,NC(C1C=CC(C2OC(C3C=NC(C(=N)N)=CC=3)=CC=2)=CC=1)=N,8.48148606012211
4211,CC(SC1SC(C(NC2C3C(=CC=CC=3)C=CC=2)=O)=C(C2C=CC(Cl)=CC=2)C=1C#N)C,5.19382002601611
95,CC1C=C(C)C(OC2N=C(NC3C=CC(C#N)=CC=3)N=C(NCCCCCNC3N=C(OC4C(C)=CC(C)=CC=4C)N=C(NC4C=CC(C#N)=CC=4)N=3)N=2)=C(C)C=1,8.0
94,FC(C1C=C2OCCCCOC3C(Cl)=CC(CC(C(NC4(C#N)CC4)=O)NC(=O)C2=CC=1)=CC=3)(F)F,8.39794000867204
34,N(C1SC=C(C2C=CC=CN=2)N=1)C(C1C=CC(SC(C)C)=CC=1)=O,6.01807300946034
4016,CCCCN1C2C(=CC(C(F)(F)F)=C(N3CCOCC3)C=2)C(=O)C(C(NCC2C=CC=CC=2)=O)=C1,6.22914798835786
4167,CCC(C(C(NC(C(OC)=O)CCSC)=O)NC(C1SC(SC(C)C)=C(C#N)C=1C1C=CC=CC=1)=O)C,5.39794000867204
75,N(C1SC=C(C2C=CC=CN=2)N=1)C(C1C=CC(S(N(C2CCCCC2)CC)(=O)=O)=CC=1)=O,4.60634445413983
4099,CCOC1C=CC(OCCCCCC(N(C(C)C)C(C)C)=O)=CC=1,5.69250396208679
63,N(C1SC2CN(CCC=2C=1C1SC2C=CC=CC=2N=1)C(OCC)=O)C(C1OC=CC=1)=O,6.08028382107372
78,N(C1SC=C(C2C=CC3OCCOC=3C=2)N=1)C(C1CCN(S(C2C=CC(Cl)=CC=2)(=O)=O)CC1)=O,5.94813078234486
4369,COC1C(OCC2N=CC=CC=2)=CC(C2C(C)(C)C(=O)N(C(C)C)N=2)=CC=1,4.45593195564972
4353,OCC1N(CC2C3C(=CC=C(N=3)Cl)C=CC=2)CC(O)C1O,4.53760200210104
4418,NC(NN=CC1C=CC=CC=1)=S,3.35306720785947
4119,CN1CCN(C(C2C=CC=CC=2)C(NC2C(C(C3C=CC=CC=3)=O)=CC(NC(C3C4C(=CC=CC=4)C=CC=3)=O)=CC=2)=O)CC1,5.57186520597121
13,NC(C1C=CSC=1NC(C1C=CC(C(C)(C)C)=CC=1)=O)=O,5.67917807681181
4330,COC1C(C(C=CC2C(O)=CC=CC=2)=O)=C(O)C(C)=C(O)C=1C,4.66489073612535
